Enhet_Kode,Account / Enhet,Total Budget 2026 (MNOK),Budget YTD Oct (MNOK),Actual YTD Oct (MNOK),Progress Value Oct (MNOK),Cost Variance YTD (MNOK),Forecast EOY (MNOK),Forecast Variance EOY (MNOK)
ADM,Fellesadministrasjon & Fellestjenester (ADM),456.5,380.4,366.6,370.8,4.13,440.1,16.45
FELLES,Særkostnader & Fellesutgifter (FELLES),495.9,413.3,411.8,412.2,0.46,494.0,1.94
HELS,Fakultet for helse- og idrettsvitenskap (HELS),207.5,172.9,167.3,169.0,1.69,200.8,6.66
HH,Handelshøyskolen (HH),134.9,112.4,110.9,111.4,0.44,133.1,1.8
HUM,Fakultet for humaniora og pedagogikk (HUM),211.7,176.4,174.1,174.8,0.67,209.1,2.59
KUNST,Fakultet for kunstfag (KUNST),103.8,86.5,84.5,85.1,0.59,101.4,2.39
SAMF,Fakultet for samfunnsvitenskap (SAMF),170.2,141.8,138.7,139.6,0.94,166.5,3.69
TN,Fakultet for teknologi og realfag (TN),294.7,245.6,249.6,248.4,-1.21,299.4,-4.75
TOTAL,TOTALT UIA BRUTTO RAMME,2075.2,1729.3,1703.5,1711.3,7.71,2044.4,30.77
