Avdeling_Kode,Avdeling,Enhet_Type,Konto,Kontonavn,Kategori,Total_Budget_FY_NOK,Budget_YTD_Oct_NOK,Actual_YTD_Oct_NOK,Progress_Value_Oct_NOK,Cost_Variance_YTD_NOK,Cost_Variance_YTD_Pct,Forecast_EOY_NOK,Forecast_Variance_EOY_NOK,Forecast_Variance_EOY_Pct,Tag
HH,Handelshøyskolen (HH),Fakultet,3000,Statlig Rammebevilgning (Kap 260.50),3xxx Inntekter,-110601579.84,-92167983.2,-90771471.06,-91190424.7,-418953.64,-0.45,-108928563.75,-1673016.09,-1.51,2026_UiA_Full_Oct
HH,Handelshøyskolen (HH),Fakultet,3400,BOA Ekstern Prosjektstøtte (NFR/EU),3xxx Inntekter,-24278395.56,-20231996.3,-19951971.08,-20035978.65,-84007.57,-0.42,-23937674.35,-340721.21,-1.4,2026_UiA_Full_Oct
HH,Handelshøyskolen (HH),Fakultet,5000,Fast Lønn & Sosiale Kostnader,5xxx Lønn,86323184.28,71935986.9,70715679.88,71081771.99,366092.11,0.51,84887069.3,1436114.98,1.66,2026_UiA_Full_Oct
HH,Handelshøyskolen (HH),Fakultet,5330,Sensorhonorar & Timelønnede,5xxx Lønn,8092798.56,6743998.8,6637801.21,6669660.49,31859.28,0.47,7966368.97,126429.59,1.56,2026_UiA_Full_Oct
HH,Handelshøyskolen (HH),Fakultet,6000,Husleie & Eiendomsdrift,6xxx Drift,18883196.52,15735997.1,15498472.19,15569729.66,71257.47,0.45,18598463.62,284732.9,1.51,2026_UiA_Full_Oct
HH,Handelshøyskolen (HH),Fakultet,6800,"IKT, Rekvisita & Utstyr",6xxx Drift,10790398.08,8991998.4,8826009.43,8875806.12,49796.69,0.55,10597433.11,192964.97,1.79,2026_UiA_Full_Oct
HH,Handelshøyskolen (HH),Fakultet,7100,Reise & Representasjon,7xxx Reiser,6743998.8,5619999.0,5535787.57,5561051.0,25263.43,0.45,6642927.37,101071.43,1.5,2026_UiA_Full_Oct
HH,Handelshøyskolen (HH),Fakultet,7800,Andre Driftskostnader & Konsulenter,7xxx Reiser,4046399.28,3371999.4,3314784.94,3331949.28,17164.34,0.51,3979068.82,67330.46,1.66,2026_UiA_Full_Oct
HELS,Fakultet for helse- og idrettsvitenskap (HELS),Fakultet,3000,Statlig Rammebevilgning (Kap 260.50),3xxx Inntekter,-170156276.64,-141796897.2,-137400757.25,-138719599.24,-1318841.98,-0.93,-164909355.31,-5246921.33,-3.08,2026_UiA_Full_Oct
HELS,Fakultet for helse- og idrettsvitenskap (HELS),Fakultet,3400,BOA Ekstern Prosjektstøtte (NFR/EU),3xxx Inntekter,-37351377.84,-31126148.2,-30172054.57,-30458282.66,-286228.09,-0.92,-36210527.32,-1140850.52,-3.05,2026_UiA_Full_Oct
HELS,Fakultet for helse- og idrettsvitenskap (HELS),Fakultet,5000,Fast Lønn & Sosiale Kostnader,5xxx Lønn,132804898.8,110670749.0,107159681.08,108213001.46,1053320.38,0.95,128629806.39,4175092.41,3.14,2026_UiA_Full_Oct
HELS,Fakultet for helse- og idrettsvitenskap (HELS),Fakultet,5330,Sensorhonorar & Timelønnede,5xxx Lønn,12450459.24,10375382.7,10053328.06,10149944.45,96616.39,0.93,12066152.3,384306.94,3.09,2026_UiA_Full_Oct
HELS,Fakultet for helse- og idrettsvitenskap (HELS),Fakultet,6000,Husleie & Eiendomsdrift,6xxx Drift,29051071.56,24209226.3,23480905.5,23699401.74,218496.24,0.9,28177495.4,873576.16,3.01,2026_UiA_Full_Oct
HELS,Fakultet for helse- og idrettsvitenskap (HELS),Fakultet,6800,"IKT, Rekvisita & Utstyr",6xxx Drift,16600612.32,13833843.6,13412207.51,13538698.34,126490.83,0.91,16095973.17,504639.15,3.04,2026_UiA_Full_Oct
HELS,Fakultet for helse- og idrettsvitenskap (HELS),Fakultet,7100,Reise & Representasjon,7xxx Reiser,10375382.76,8646152.3,8388719.85,8465949.59,77229.74,0.89,10066073.4,309309.36,2.98,2026_UiA_Full_Oct
HELS,Fakultet for helse- og idrettsvitenskap (HELS),Fakultet,7800,Andre Driftskostnader & Konsulenter,7xxx Reiser,6225229.68,5187691.4,5025140.77,5073905.96,48765.19,0.94,6031552.9,193676.78,3.11,2026_UiA_Full_Oct
HUM,Fakultet for humaniora og pedagogikk (HUM),Fakultet,3000,Statlig Rammebevilgning (Kap 260.50),3xxx Inntekter,-173559402.12,-144632835.1,-143430507.09,-143791205.49,-360698.4,-0.25,-172067808.44,-1491593.68,-0.86,2026_UiA_Full_Oct
HUM,Fakultet for humaniora og pedagogikk (HUM),Fakultet,3400,BOA Ekstern Prosjektstøtte (NFR/EU),3xxx Inntekter,-38098405.32,-31748671.1,-31423092.75,-31520766.26,-97673.51,-0.31,-37709329.63,-389075.69,-1.02,2026_UiA_Full_Oct
HUM,Fakultet for humaniora og pedagogikk (HUM),Fakultet,5000,Fast Lønn & Sosiale Kostnader,5xxx Lønn,135460996.8,112884164.0,111769332.0,112103781.6,334449.6,0.3,134120396.47,1340600.33,0.99,2026_UiA_Full_Oct
HUM,Fakultet for humaniora og pedagogikk (HUM),Fakultet,5330,Sensorhonorar & Timelønnede,5xxx Lønn,12699468.48,10582890.4,10474692.94,10507152.18,32459.24,0.31,12570105.24,129363.24,1.02,2026_UiA_Full_Oct
HUM,Fakultet for humaniora og pedagogikk (HUM),Fakultet,6000,Husleie & Eiendomsdrift,6xxx Drift,29632093.08,24693410.9,24338467.7,24444950.66,106482.96,0.43,29227763.06,404330.02,1.36,2026_UiA_Full_Oct
HUM,Fakultet for humaniora og pedagogikk (HUM),Fakultet,6800,"IKT, Rekvisita & Utstyr",6xxx Drift,16932624.6,14110520.5,14014635.38,14043400.92,28765.54,0.2,16808518.44,124106.16,0.73,2026_UiA_Full_Oct
HUM,Fakultet for humaniora og pedagogikk (HUM),Fakultet,7100,Reise & Representasjon,7xxx Reiser,10582890.36,8819075.3,8717706.63,8748117.23,30410.6,0.34,10463883.54,119006.82,1.12,2026_UiA_Full_Oct
HUM,Fakultet for humaniora og pedagogikk (HUM),Fakultet,7800,Andre Driftskostnader & Konsulenter,7xxx Reiser,6349734.24,5291445.2,5255972.63,5266614.4,10641.77,0.2,6303678.78,46055.46,0.73,2026_UiA_Full_Oct
KUNST,Fakultet for kunstfag (KUNST),Fakultet,3000,Statlig Rammebevilgning (Kap 260.50),3xxx Inntekter,-85078138.32,-70898448.6,-69241773.42,-69738775.97,-497002.55,-0.7,-83066970.9,-2011167.42,-2.36,2026_UiA_Full_Oct
KUNST,Fakultet for kunstfag (KUNST),Fakultet,3400,BOA Ekstern Prosjektstøtte (NFR/EU),3xxx Inntekter,-18675688.92,-15563074.1,-15184093.19,-15297787.46,-113694.27,-0.73,-18218892.64,-456796.28,-2.45,2026_UiA_Full_Oct
KUNST,Fakultet for kunstfag (KUNST),Fakultet,5000,Fast Lønn & Sosiale Kostnader,5xxx Lønn,66402449.4,55335374.5,54194925.89,54537060.47,342134.58,0.62,64985323.92,1417125.48,2.13,2026_UiA_Full_Oct
KUNST,Fakultet for kunstfag (KUNST),Fakultet,5330,Sensorhonorar & Timelønnede,5xxx Lønn,6225229.68,5187691.4,5051476.19,5092340.75,40864.56,0.79,6063076.01,162153.67,2.6,2026_UiA_Full_Oct
KUNST,Fakultet for kunstfag (KUNST),Fakultet,6000,Husleie & Eiendomsdrift,6xxx Drift,14525535.84,12104613.2,11727589.15,11840696.36,113107.22,0.93,14087988.72,437547.12,3.01,2026_UiA_Full_Oct
KUNST,Fakultet for kunstfag (KUNST),Fakultet,6800,"IKT, Rekvisita & Utstyr",6xxx Drift,8300306.16,6916921.8,6770956.81,6814746.31,43789.5,0.63,8119756.56,180549.6,2.18,2026_UiA_Full_Oct
KUNST,Fakultet for kunstfag (KUNST),Fakultet,7100,Reise & Representasjon,7xxx Reiser,5187691.32,4323076.1,4226805.6,4255686.75,28881.15,0.67,5069805.44,117885.88,2.27,2026_UiA_Full_Oct
KUNST,Fakultet for kunstfag (KUNST),Fakultet,7800,Andre Driftskostnader & Konsulenter,7xxx Reiser,3112614.84,2593845.7,2527142.79,2547153.66,20010.87,0.77,3032942.7,79672.14,2.56,2026_UiA_Full_Oct
SAMF,Fakultet for samfunnsvitenskap (SAMF),Fakultet,3000,Statlig Rammebevilgning (Kap 260.50),3xxx Inntekter,-139528146.84,-116273455.7,-113947048.24,-114644970.48,-697922.24,-0.6,-136736645.56,-2791501.28,-2.0,2026_UiA_Full_Oct
SAMF,Fakultet for samfunnsvitenskap (SAMF),Fakultet,3400,BOA Ekstern Prosjektstøtte (NFR/EU),3xxx Inntekter,-30628129.8,-25523441.5,-25011562.54,-25165126.23,-153563.69,-0.6,-30014157.07,-613972.73,-2.0,2026_UiA_Full_Oct
SAMF,Fakultet for samfunnsvitenskap (SAMF),Fakultet,5000,Fast Lønn & Sosiale Kostnader,5xxx Lønn,108900017.04,90750014.2,88738456.03,89341923.48,603467.45,0.66,106525458.81,2374558.23,2.18,2026_UiA_Full_Oct
SAMF,Fakultet for samfunnsvitenskap (SAMF),Fakultet,5330,Sensorhonorar & Timelønnede,5xxx Lønn,10209376.56,8507813.8,8338210.16,8389091.25,50881.09,0.6,10005741.66,203634.9,1.99,2026_UiA_Full_Oct
SAMF,Fakultet for samfunnsvitenskap (SAMF),Fakultet,6000,Husleie & Eiendomsdrift,6xxx Drift,23821878.72,19851565.6,19345666.39,19497436.15,151769.76,0.76,23236573.25,585305.47,2.46,2026_UiA_Full_Oct
SAMF,Fakultet for samfunnsvitenskap (SAMF),Fakultet,6800,"IKT, Rekvisita & Utstyr",6xxx Drift,13612502.16,11343751.8,11152308.49,11209741.48,57432.99,0.51,13375683.84,236818.32,1.74,2026_UiA_Full_Oct
SAMF,Fakultet for samfunnsvitenskap (SAMF),Fakultet,7100,Reise & Representasjon,7xxx Reiser,8507813.88,7089844.9,6963510.5,7001410.82,37900.32,0.53,8353120.1,154693.78,1.82,2026_UiA_Full_Oct
SAMF,Fakultet for samfunnsvitenskap (SAMF),Fakultet,7800,Andre Driftskostnader & Konsulenter,7xxx Reiser,5104688.28,4253906.9,4162304.95,4189785.53,27480.58,0.65,4996070.7,108617.58,2.13,2026_UiA_Full_Oct
TN,Fakultet for teknologi og realfag (TN),Fakultet,3000,Statlig Rammebevilgning (Kap 260.50),3xxx Inntekter,-241621912.8,-201351594.0,-204523742.77,-203572098.14,951644.63,0.47,-245398116.35,3776203.55,1.56,2026_UiA_Full_Oct
TN,Fakultet for teknologi og realfag (TN),Fakultet,3400,BOA Ekstern Prosjektstøtte (NFR/EU),3xxx Inntekter,-53038956.48,-44199130.4,-44801954.21,-44621107.07,180847.14,0.41,-53774377.68,735421.2,1.39,2026_UiA_Full_Oct
TN,Fakultet for teknologi og realfag (TN),Fakultet,5000,Fast Lønn & Sosiale Kostnader,5xxx Lønn,188582956.32,157152463.6,159834149.42,159029643.67,-804505.75,-0.51,191736099.53,-3153143.21,-1.67,2026_UiA_Full_Oct
TN,Fakultet for teknologi og realfag (TN),Fakultet,5330,Sensorhonorar & Timelønnede,5xxx Lønn,17679652.2,14733043.5,14897341.78,14848052.3,-49289.48,-0.33,17888149.61,-208497.41,-1.18,2026_UiA_Full_Oct
TN,Fakultet for teknologi og realfag (TN),Fakultet,6000,Husleie & Eiendomsdrift,6xxx Drift,41252521.68,34377101.4,34890428.71,34736430.52,-153998.19,-0.45,41868980.29,-616458.61,-1.49,2026_UiA_Full_Oct
TN,Fakultet for teknologi og realfag (TN),Fakultet,6800,"IKT, Rekvisita & Utstyr",6xxx Drift,23572869.48,19644057.9,19918628.06,19836257.01,-82371.05,-0.42,23906371.81,-333502.33,-1.41,2026_UiA_Full_Oct
TN,Fakultet for teknologi og realfag (TN),Fakultet,7100,Reise & Representasjon,7xxx Reiser,14733043.44,12277536.2,12481757.24,12420490.93,-61266.31,-0.5,14974097.09,-241053.65,-1.64,2026_UiA_Full_Oct
TN,Fakultet for teknologi og realfag (TN),Fakultet,7800,Andre Driftskostnader & Konsulenter,7xxx Reiser,8839826.04,7366521.7,7494179.44,7455882.12,-38297.32,-0.52,8989583.35,-149757.31,-1.69,2026_UiA_Full_Oct
ADM,Fellesadministrasjon & Fellestjenester (ADM),Administrasjon,3000,Statlig Rammebevilgning (Kap 260.50),3xxx Inntekter,-374343808.56,-311953173.8,-300000435.93,-303586257.29,-3585821.36,-1.15,-360207398.47,-14136410.09,-3.78,2026_UiA_Full_Oct
ADM,Fellesadministrasjon & Fellestjenester (ADM),Administrasjon,3400,BOA Ekstern Prosjektstøtte (NFR/EU),3xxx Inntekter,-82173031.2,-68477526.0,-66295900.91,-66950388.44,-654487.53,-0.96,-79512063.43,-2660967.77,-3.24,2026_UiA_Full_Oct
ADM,Fellesadministrasjon & Fellestjenester (ADM),Administrasjon,5000,Fast Lønn & Sosiale Kostnader,5xxx Lønn,292170777.36,243475647.8,235291223.26,237746550.62,2455327.36,1.01,282282023.29,9888754.07,3.38,2026_UiA_Full_Oct
ADM,Fellesadministrasjon & Fellestjenester (ADM),Administrasjon,5330,Sensorhonorar & Timelønnede,5xxx Lønn,27391010.4,22825842.0,22033426.81,22271151.37,237724.56,1.04,26438814.32,952196.08,3.48,2026_UiA_Full_Oct
ADM,Fellesadministrasjon & Fellestjenester (ADM),Administrasjon,6000,Husleie & Eiendomsdrift,6xxx Drift,63912357.6,53260298.0,51461545.06,52001170.94,539625.88,1.01,61740782.57,2171575.03,3.4,2026_UiA_Full_Oct
ADM,Fellesadministrasjon & Fellestjenester (ADM),Administrasjon,6800,"IKT, Rekvisita & Utstyr",6xxx Drift,36521347.2,30434456.0,29328623.89,29660373.52,331749.63,1.09,35202473.9,1318873.3,3.61,2026_UiA_Full_Oct
ADM,Fellesadministrasjon & Fellestjenester (ADM),Administrasjon,7100,Reise & Representasjon,7xxx Reiser,22825842.0,19021535.0,18294737.99,18512777.09,218039.1,1.15,21965894.24,859947.75,3.77,2026_UiA_Full_Oct
ADM,Fellesadministrasjon & Fellestjenester (ADM),Administrasjon,7800,Andre Driftskostnader & Konsulenter,7xxx Reiser,13695505.2,11412921.0,11027156.08,11142885.56,115729.48,1.01,13229849.83,465655.37,3.4,2026_UiA_Full_Oct
FELLES,Særkostnader & Fellesutgifter (FELLES),Fellesutgifter,3000,Statlig Rammebevilgning (Kap 260.50),3xxx Inntekter,-406673501.04,-338894584.2,-338471756.45,-338598604.78,-126848.33,-0.04,-405911778.71,-761722.33,-0.19,2026_UiA_Full_Oct
FELLES,Særkostnader & Fellesutgifter (FELLES),Fellesutgifter,3400,BOA Ekstern Prosjektstøtte (NFR/EU),3xxx Inntekter,-89269792.92,-74391494.1,-74189487.64,-74250089.58,-60601.94,-0.08,-88993394.97,-276397.95,-0.31,2026_UiA_Full_Oct
FELLES,Særkostnader & Fellesutgifter (FELLES),Fellesutgifter,5000,Fast Lønn & Sosiale Kostnader,5xxx Lønn,317403708.12,264503090.1,263979863.93,264136831.78,156967.85,0.06,316615978.86,787729.26,0.25,2026_UiA_Full_Oct
FELLES,Særkostnader & Fellesutgifter (FELLES),Fellesutgifter,5330,Sensorhonorar & Timelønnede,5xxx Lønn,29756597.64,24797164.7,24633383.54,24682517.89,49134.35,0.2,29568019.32,188578.32,0.63,2026_UiA_Full_Oct
FELLES,Særkostnader & Fellesutgifter (FELLES),Fellesutgifter,6000,Husleie & Eiendomsdrift,6xxx Drift,69432061.2,57860051.0,57215047.0,57408548.2,193501.2,0.33,68729197.15,702864.05,1.01,2026_UiA_Full_Oct
FELLES,Særkostnader & Fellesutgifter (FELLES),Fellesutgifter,6800,"IKT, Rekvisita & Utstyr",6xxx Drift,39675463.56,33062886.3,33015768.82,33029904.06,14135.24,0.04,39595283.19,80180.37,0.2,2026_UiA_Full_Oct
FELLES,Særkostnader & Fellesutgifter (FELLES),Fellesutgifter,7100,Reise & Representasjon,7xxx Reiser,24797164.68,20664303.9,20568135.09,20596985.73,28850.64,0.14,24680331.57,116833.11,0.47,2026_UiA_Full_Oct
FELLES,Særkostnader & Fellesutgifter (FELLES),Fellesutgifter,7800,Andre Driftskostnader & Konsulenter,7xxx Reiser,14878298.88,12398582.4,12327848.22,12349068.47,21220.25,0.17,14795166.12,83132.76,0.56,2026_UiA_Full_Oct
