Transaksjon_ID,Dato,Maaned,Tertial,Avdeling,Konto,Kontonavn,Beskrivelse,Belop_NOK,BDM_ID,Attestant_ID,Kvittering_Vedlagt,Kontrollflagg,Tag
TX-9001,2026-09-01,2026-M09,T3,Handelshøyskolen,5000,Fast Lønn,Fast Lønn - Sept 2026 (Handelshøyskolen),40471.27,EMP-114,EMP-108,True,OK,2026T1sep
TX-9002,2026-09-01,2026-M09,T3,Helse- og Idrettsvitenskap,7100,Bilgodtgjørelse feltarbeid,Bilgodtgjørelse feltarbeid - Sept 2026 (Helse- og Idrettsvitenskap),2352.61,EMP-110,EMP-112,True,OK,2026T1sep
TX-9003,2026-09-01,2026-M09,T3,Fellesadministrasjon,5000,Fast Lønn,Fast Lønn - Sept 2026 (Fellesadministrasjon),55209.04,EMP-103,EMP-110,True,OK,2026T1sep
TX-9004,2026-09-02,2026-M09,T3,Handelshøyskolen,3400,Oppdragsinntekter BOA,Oppdragsinntekter BOA - Sept 2026 (Handelshøyskolen),-69957.11,EMP-104,EMP-114,True,OK,2026T1sep
TX-9005,2026-09-02,2026-M09,T3,Handelshøyskolen,7130,Reiseregning fagsamling,Reiseregning fagsamling - Sept 2026 (Handelshøyskolen),4001.14,EMP-107,EMP-102,True,OK,2026T1sep
TX-9006,2026-09-02,2026-M09,T3,Handelshøyskolen,6800,Kontorrekvisita,Kontorrekvisita - Sept 2026 (Handelshøyskolen),1437.32,EMP-101,EMP-107,True,OK,2026T1sep
TX-9007,2026-09-02,2026-M09,T3,Teknologi og Realfag,5330,Sensorhonorarer,Sensorhonorarer - Sept 2026 (Teknologi og Realfag),10574.2,EMP-104,EMP-113,True,OK,2026T1sep
TX-9008,2026-09-03,2026-M09,T3,Handelshøyskolen,5000,Fast Lønn,Fast Lønn - Sept 2026 (Handelshøyskolen),36720.74,EMP-114,EMP-102,True,OK,2026T1sep
TX-9009,2026-09-03,2026-M09,T3,Teknologi og Realfag,7150,Utenlandsreise fagkonferanse,Utenlandsreise fagkonferanse - Sept 2026 (Teknologi og Realfag),19717.25,EMP-102,EMP-110,True,OK,2026T1sep
TX-9010,2026-09-03,2026-M09,T3,Helse- og Idrettsvitenskap,5330,Sensorhonorarer,Sensorhonorarer - Sept 2026 (Helse- og Idrettsvitenskap),13873.48,EMP-103,EMP-114,True,OK,2026T1sep
TX-9011,2026-09-03,2026-M09,T3,Teknologi og Realfag,5000,Fast Lønn,Fast Lønn - Sept 2026 (Teknologi og Realfag),52415.69,EMP-108,EMP-106,True,OK,2026T1sep
TX-9012,2026-09-04,2026-M09,T3,Helse- og Idrettsvitenskap,6800,Kontorrekvisita,Kontorrekvisita - Sept 2026 (Helse- og Idrettsvitenskap),1656.08,EMP-114,EMP-114,True,BRUDD: Egengodkjent (BDM == Attestant),2026T1sep
TX-9013,2026-09-04,2026-M09,T3,Helse- og Idrettsvitenskap,6800,Kontorrekvisita,Kontorrekvisita - Sept 2026 (Helse- og Idrettsvitenskap),1653.4,EMP-113,EMP-112,True,OK,2026T1sep
TX-9014,2026-09-05,2026-M09,T3,Teknologi og Realfag,7100,Bilgodtgjørelse feltarbeid,Bilgodtgjørelse feltarbeid - Sept 2026 (Teknologi og Realfag),2622.02,EMP-103,EMP-101,True,OK,2026T1sep
TX-9015,2026-09-05,2026-M09,T3,Handelshøyskolen,7100,Bilgodtgjørelse feltarbeid,Bilgodtgjørelse feltarbeid - Sept 2026 (Handelshøyskolen),1540.99,EMP-103,EMP-103,True,OK,2026T1sep
TX-9016,2026-09-05,2026-M09,T3,Fellesadministrasjon,3400,Oppdragsinntekter BOA,Oppdragsinntekter BOA - Sept 2026 (Fellesadministrasjon),-68249.95,EMP-108,EMP-102,True,OK,2026T1sep
TX-9017,2026-09-05,2026-M09,T3,Fellesadministrasjon,6300,Kontorleie & Strøm,Kontorleie & Strøm - Sept 2026 (Fellesadministrasjon),37499.56,EMP-106,EMP-107,True,OK,2026T1sep
TX-9018,2026-09-06,2026-M09,T3,Handelshøyskolen,3400,Oppdragsinntekter BOA,Oppdragsinntekter BOA - Sept 2026 (Handelshøyskolen),-66484.24,EMP-106,EMP-114,True,OK,2026T1sep
TX-9019,2026-09-06,2026-M09,T3,Handelshøyskolen,5330,Sensorhonorarer,Sensorhonorarer - Sept 2026 (Handelshøyskolen),14679.81,EMP-114,EMP-101,True,OK,2026T1sep
TX-9020,2026-09-07,2026-M09,T3,Helse- og Idrettsvitenskap,6300,Kontorleie & Strøm,Kontorleie & Strøm - Sept 2026 (Helse- og Idrettsvitenskap),40769.1,EMP-112,EMP-107,True,OK,2026T1sep
TX-9021,2026-09-07,2026-M09,T3,Helse- og Idrettsvitenskap,5330,Sensorhonorarer,Sensorhonorarer - Sept 2026 (Helse- og Idrettsvitenskap),14606.23,EMP-106,EMP-110,True,OK,2026T1sep
TX-9022,2026-09-08,2026-M09,T3,Fellesadministrasjon,7130,Reiseregning fagsamling,Reiseregning fagsamling - Sept 2026 (Fellesadministrasjon),4110.92,EMP-105,EMP-110,False,BRUDD: Mangler kvittering (>100 NOK),2026T1sep
TX-9023,2026-09-08,2026-M09,T3,Helse- og Idrettsvitenskap,5000,Fast Lønn,Fast Lønn - Sept 2026 (Helse- og Idrettsvitenskap),33978.54,EMP-114,EMP-107,True,OK,2026T1sep
TX-9024,2026-09-09,2026-M09,T3,Fellesadministrasjon,6300,Kontorleie & Strøm,Kontorleie & Strøm - Sept 2026 (Fellesadministrasjon),26674.19,EMP-113,EMP-110,True,OK,2026T1sep
TX-9025,2026-09-09,2026-M09,T3,Fellesadministrasjon,5000,Fast Lønn,Fast Lønn - Sept 2026 (Fellesadministrasjon),47562.74,EMP-107,EMP-101,True,OK,2026T1sep
TX-9026,2026-09-10,2026-M09,T3,Fellesadministrasjon,5330,Sensorhonorarer,Sensorhonorarer - Sept 2026 (Fellesadministrasjon),10720.77,EMP-106,EMP-107,True,OK,2026T1sep
TX-9027,2026-09-10,2026-M09,T3,Fellesadministrasjon,3400,Oppdragsinntekter BOA,Oppdragsinntekter BOA - Sept 2026 (Fellesadministrasjon),-63625.84,EMP-113,EMP-103,True,OK,2026T1sep
TX-9028,2026-09-10,2026-M09,T3,Helse- og Idrettsvitenskap,6300,Kontorleie & Strøm,Kontorleie & Strøm - Sept 2026 (Helse- og Idrettsvitenskap),29647.66,EMP-110,EMP-110,True,OK,2026T1sep
TX-9029,2026-09-11,2026-M09,T3,Handelshøyskolen,7130,Reiseregning fagsamling,Reiseregning fagsamling - Sept 2026 (Handelshøyskolen),6023.57,EMP-106,EMP-102,True,OK,2026T1sep
TX-9030,2026-09-11,2026-M09,T3,Handelshøyskolen,3400,Oppdragsinntekter BOA,Oppdragsinntekter BOA - Sept 2026 (Handelshøyskolen),-66317.71,EMP-101,EMP-101,True,OK,2026T1sep
TX-9031,2026-09-11,2026-M09,T3,Handelshøyskolen,5000,Fast Lønn,Fast Lønn - Sept 2026 (Handelshøyskolen),40275.43,EMP-105,EMP-110,True,OK,2026T1sep
TX-9032,2026-09-12,2026-M09,T3,Fellesadministrasjon,6300,Kontorleie & Strøm,Kontorleie & Strøm - Sept 2026 (Fellesadministrasjon),35790.77,EMP-111,EMP-107,True,OK,2026T1sep
TX-9033,2026-09-12,2026-M09,T3,Handelshøyskolen,6800,Kontorrekvisita,Kontorrekvisita - Sept 2026 (Handelshøyskolen),1636.17,EMP-107,EMP-104,True,OK,2026T1sep
TX-9034,2026-09-12,2026-M09,T3,Handelshøyskolen,3400,Oppdragsinntekter BOA,Oppdragsinntekter BOA - Sept 2026 (Handelshøyskolen),-50275.78,EMP-111,EMP-114,True,OK,2026T1sep
TX-9035,2026-09-12,2026-M09,T3,Teknologi og Realfag,5330,Sensorhonorarer,Sensorhonorarer - Sept 2026 (Teknologi og Realfag),12088.76,EMP-113,EMP-113,True,BRUDD: Egengodkjent (BDM == Attestant),2026T1sep
TX-9036,2026-09-13,2026-M09,T3,Teknologi og Realfag,7130,Reiseregning fagsamling,Reiseregning fagsamling - Sept 2026 (Teknologi og Realfag),3924.37,EMP-104,EMP-106,True,OK,2026T1sep
TX-9037,2026-09-13,2026-M09,T3,Helse- og Idrettsvitenskap,6800,Kontorrekvisita,Kontorrekvisita - Sept 2026 (Helse- og Idrettsvitenskap),1409.25,EMP-108,EMP-106,True,OK,2026T1sep
TX-9038,2026-09-13,2026-M09,T3,Helse- og Idrettsvitenskap,7150,Utenlandsreise fagkonferanse,Utenlandsreise fagkonferanse - Sept 2026 (Helse- og Idrettsvitenskap),23189.63,EMP-109,EMP-105,True,OK,2026T1sep
TX-9039,2026-09-14,2026-M09,T3,Fellesadministrasjon,6300,Kontorleie & Strøm,Kontorleie & Strøm - Sept 2026 (Fellesadministrasjon),26748.68,EMP-104,EMP-106,True,OK,2026T1sep
TX-9040,2026-09-14,2026-M09,T3,Teknologi og Realfag,3400,Oppdragsinntekter BOA,Oppdragsinntekter BOA - Sept 2026 (Teknologi og Realfag),-46096.77,EMP-111,EMP-110,True,OK,2026T1sep
TX-9041,2026-09-15,2026-M09,T3,Handelshøyskolen,7130,Reiseregning fagsamling,Reiseregning fagsamling - Sept 2026 (Handelshøyskolen),4455.32,EMP-104,EMP-104,True,OK,2026T1sep
TX-9042,2026-09-15,2026-M09,T3,Teknologi og Realfag,7130,Reiseregning fagsamling,Reiseregning fagsamling - Sept 2026 (Teknologi og Realfag),6115.09,EMP-112,EMP-101,True,OK,2026T1sep
TX-9043,2026-09-15,2026-M09,T3,Teknologi og Realfag,7130,Reiseregning fagsamling,Reiseregning fagsamling - Sept 2026 (Teknologi og Realfag),3974.75,EMP-111,EMP-112,True,OK,2026T1sep
TX-9044,2026-09-15,2026-M09,T3,Teknologi og Realfag,3400,Oppdragsinntekter BOA,Oppdragsinntekter BOA - Sept 2026 (Teknologi og Realfag),-46628.5,EMP-102,EMP-101,True,OK,2026T1sep
TX-9045,2026-09-16,2026-M09,T3,Handelshøyskolen,5330,Sensorhonorarer,Sensorhonorarer - Sept 2026 (Handelshøyskolen),12140.21,EMP-112,EMP-111,True,OK,2026T1sep
TX-9046,2026-09-16,2026-M09,T3,Handelshøyskolen,6800,Kontorrekvisita,Kontorrekvisita - Sept 2026 (Handelshøyskolen),2296.11,EMP-111,EMP-112,True,OK,2026T1sep
TX-9047,2026-09-16,2026-M09,T3,Handelshøyskolen,5000,Fast Lønn,Fast Lønn - Sept 2026 (Handelshøyskolen),41503.99,EMP-107,EMP-102,True,OK,2026T1sep
TX-9048,2026-09-16,2026-M09,T3,Teknologi og Realfag,6800,Kontorrekvisita,Kontorrekvisita - Sept 2026 (Teknologi og Realfag),1726.83,EMP-105,EMP-103,True,OK,2026T1sep
TX-9049,2026-09-17,2026-M09,T3,Fellesadministrasjon,6300,Kontorleie & Strøm,Kontorleie & Strøm - Sept 2026 (Fellesadministrasjon),31478.39,EMP-108,EMP-108,True,OK,2026T1sep
TX-9050,2026-09-17,2026-M09,T3,Helse- og Idrettsvitenskap,6300,Kontorleie & Strøm,Kontorleie & Strøm - Sept 2026 (Helse- og Idrettsvitenskap),29630.96,EMP-109,EMP-105,True,OK,2026T1sep
TX-9051,2026-09-18,2026-M09,T3,Handelshøyskolen,5330,Sensorhonorarer,Sensorhonorarer - Sept 2026 (Handelshøyskolen),14965.63,EMP-112,EMP-101,True,OK,2026T1sep
TX-9052,2026-09-18,2026-M09,T3,Fellesadministrasjon,5330,Sensorhonorarer,Sensorhonorarer - Sept 2026 (Fellesadministrasjon),10475.13,EMP-103,EMP-108,True,OK,2026T1sep
TX-9053,2026-09-19,2026-M09,T3,Fellesadministrasjon,6300,Kontorleie & Strøm,Kontorleie & Strøm - Sept 2026 (Fellesadministrasjon),43780.71,EMP-110,EMP-110,True,OK,2026T1sep
TX-9054,2026-09-19,2026-M09,T3,Helse- og Idrettsvitenskap,6300,Kontorleie & Strøm,Kontorleie & Strøm - Sept 2026 (Helse- og Idrettsvitenskap),44385.45,EMP-101,EMP-108,True,OK,2026T1sep
TX-9055,2026-09-20,2026-M09,T3,Fellesadministrasjon,7100,Bilgodtgjørelse feltarbeid,Bilgodtgjørelse feltarbeid - Sept 2026 (Fellesadministrasjon),2151.26,EMP-112,EMP-112,True,OK,2026T1sep
TX-9056,2026-09-20,2026-M09,T3,Teknologi og Realfag,6800,Kontorrekvisita,Kontorrekvisita - Sept 2026 (Teknologi og Realfag),1581.19,EMP-105,EMP-102,True,OK,2026T1sep
TX-9057,2026-09-21,2026-M09,T3,Teknologi og Realfag,6300,Kontorleie & Strøm,Kontorleie & Strøm - Sept 2026 (Teknologi og Realfag),31639.32,EMP-107,EMP-108,True,OK,2026T1sep
TX-9058,2026-09-21,2026-M09,T3,Handelshøyskolen,7150,Utenlandsreise fagkonferanse,Utenlandsreise fagkonferanse - Sept 2026 (Handelshøyskolen),20078.03,EMP-110,EMP-104,False,BRUDD: Mangler kvittering (>100 NOK),2026T1sep
TX-9059,2026-09-21,2026-M09,T3,Teknologi og Realfag,7130,Reiseregning fagsamling,Reiseregning fagsamling - Sept 2026 (Teknologi og Realfag),3850.61,EMP-103,EMP-109,True,OK,2026T1sep
TX-9060,2026-09-21,2026-M09,T3,Teknologi og Realfag,7130,Reiseregning fagsamling,Reiseregning fagsamling - Sept 2026 (Teknologi og Realfag),4248.73,EMP-114,EMP-104,True,OK,2026T1sep
TX-9061,2026-09-22,2026-M09,T3,Handelshøyskolen,5000,Fast Lønn,Fast Lønn - Sept 2026 (Handelshøyskolen),39562.78,EMP-108,EMP-106,True,OK,2026T1sep
TX-9062,2026-09-22,2026-M09,T3,Fellesadministrasjon,5330,Sensorhonorarer,Sensorhonorarer - Sept 2026 (Fellesadministrasjon),9055.05,EMP-110,EMP-105,True,OK,2026T1sep
TX-9063,2026-09-23,2026-M09,T3,Fellesadministrasjon,3400,Oppdragsinntekter BOA,Oppdragsinntekter BOA - Sept 2026 (Fellesadministrasjon),-59704.24,EMP-113,EMP-103,True,OK,2026T1sep
TX-9064,2026-09-23,2026-M09,T3,Fellesadministrasjon,5000,Fast Lønn,Fast Lønn - Sept 2026 (Fellesadministrasjon),54535.67,EMP-107,EMP-103,True,OK,2026T1sep
TX-9065,2026-09-24,2026-M09,T3,Helse- og Idrettsvitenskap,5000,Fast Lønn,Fast Lønn - Sept 2026 (Helse- og Idrettsvitenskap),38388.93,EMP-101,EMP-111,True,OK,2026T1sep
TX-9066,2026-09-24,2026-M09,T3,Fellesadministrasjon,7100,Bilgodtgjørelse feltarbeid,Bilgodtgjørelse feltarbeid - Sept 2026 (Fellesadministrasjon),2810.83,EMP-107,EMP-101,True,OK,2026T1sep
TX-9067,2026-09-24,2026-M09,T3,Teknologi og Realfag,6800,Kontorrekvisita,Kontorrekvisita - Sept 2026 (Teknologi og Realfag),1317.49,EMP-105,EMP-101,True,OK,2026T1sep
TX-9068,2026-09-24,2026-M09,T3,Teknologi og Realfag,3400,Oppdragsinntekter BOA,Oppdragsinntekter BOA - Sept 2026 (Teknologi og Realfag),-54009.08,EMP-114,EMP-113,True,OK,2026T1sep
TX-9069,2026-09-25,2026-M09,T3,Teknologi og Realfag,7150,Utenlandsreise fagkonferanse,Utenlandsreise fagkonferanse - Sept 2026 (Teknologi og Realfag),21208.85,EMP-103,EMP-101,True,OK,2026T1sep
TX-9070,2026-09-25,2026-M09,T3,Helse- og Idrettsvitenskap,3400,Oppdragsinntekter BOA,Oppdragsinntekter BOA - Sept 2026 (Helse- og Idrettsvitenskap),-65604.32,EMP-111,EMP-111,True,OK,2026T1sep
TX-9071,2026-09-25,2026-M09,T3,Handelshøyskolen,7130,Reiseregning fagsamling,Reiseregning fagsamling - Sept 2026 (Handelshøyskolen),3419.92,EMP-104,EMP-104,True,OK,2026T1sep
TX-9072,2026-09-26,2026-M09,T3,Helse- og Idrettsvitenskap,5330,Sensorhonorarer,Sensorhonorarer - Sept 2026 (Helse- og Idrettsvitenskap),13057.12,EMP-102,EMP-105,True,OK,2026T1sep
TX-9073,2026-09-26,2026-M09,T3,Handelshøyskolen,7130,Reiseregning fagsamling,Reiseregning fagsamling - Sept 2026 (Handelshøyskolen),5531.46,EMP-101,EMP-109,True,OK,2026T1sep
TX-9074,2026-09-26,2026-M09,T3,Teknologi og Realfag,5000,Fast Lønn,Fast Lønn - Sept 2026 (Teknologi og Realfag),32177.98,EMP-106,EMP-107,True,OK,2026T1sep
TX-9075,2026-09-27,2026-M09,T3,Teknologi og Realfag,5000,Fast Lønn,Fast Lønn - Sept 2026 (Teknologi og Realfag),49829.34,EMP-104,EMP-112,True,OK,2026T1sep
TX-9076,2026-09-27,2026-M09,T3,Helse- og Idrettsvitenskap,6800,Kontorrekvisita,Kontorrekvisita - Sept 2026 (Helse- og Idrettsvitenskap),1438.46,EMP-109,EMP-113,True,OK,2026T1sep
TX-9077,2026-09-27,2026-M09,T3,Helse- og Idrettsvitenskap,3400,Oppdragsinntekter BOA,Oppdragsinntekter BOA - Sept 2026 (Helse- og Idrettsvitenskap),-53056.74,EMP-111,EMP-101,True,OK,2026T1sep
TX-9078,2026-09-28,2026-M09,T3,Helse- og Idrettsvitenskap,3400,Oppdragsinntekter BOA,Oppdragsinntekter BOA - Sept 2026 (Helse- og Idrettsvitenskap),-75888.39,EMP-113,EMP-112,True,OK,2026T1sep
TX-9079,2026-09-28,2026-M09,T3,Fellesadministrasjon,7150,Utenlandsreise fagkonferanse,Utenlandsreise fagkonferanse - Sept 2026 (Fellesadministrasjon),13342.55,EMP-104,EMP-111,True,OK,2026T1sep
TX-9080,2026-09-28,2026-M09,T3,Handelshøyskolen,5000,Fast Lønn,Fast Lønn - Sept 2026 (Handelshøyskolen),44457.42,EMP-114,EMP-103,True,OK,2026T1sep
TX-9081,2026-09-28,2026-M09,T3,Teknologi og Realfag,5000,Fast Lønn,Fast Lønn - Sept 2026 (Teknologi og Realfag),36190.57,EMP-102,EMP-103,True,OK,2026T1sep
TX-9082,2026-09-29,2026-M09,T3,Fellesadministrasjon,6300,Kontorleie & Strøm,Kontorleie & Strøm - Sept 2026 (Fellesadministrasjon),29307.79,EMP-111,EMP-112,True,OK,2026T1sep
TX-9083,2026-09-29,2026-M09,T3,Fellesadministrasjon,5330,Sensorhonorarer,Sensorhonorarer - Sept 2026 (Fellesadministrasjon),11457.31,EMP-106,EMP-103,True,OK,2026T1sep
TX-9084,2026-09-29,2026-M09,T3,Fellesadministrasjon,3400,Oppdragsinntekter BOA,Oppdragsinntekter BOA - Sept 2026 (Fellesadministrasjon),-77273.08,EMP-113,EMP-110,True,OK,2026T1sep
TX-9085,2026-09-30,2026-M09,T3,Helse- og Idrettsvitenskap,3400,Oppdragsinntekter BOA,Oppdragsinntekter BOA - Sept 2026 (Helse- og Idrettsvitenskap),-55581.5,EMP-111,EMP-104,True,OK,2026T1sep
TX-9086,2026-09-30,2026-M09,T3,Handelshøyskolen,6800,Kontorrekvisita,Kontorrekvisita - Sept 2026 (Handelshøyskolen),2044.87,EMP-111,EMP-114,True,OK,2026T1sep
TX-9087,2026-09-30,2026-M09,T3,Fellesadministrasjon,7100,Bilgodtgjørelse feltarbeid,Bilgodtgjørelse feltarbeid - Sept 2026 (Fellesadministrasjon),2458.76,EMP-114,EMP-113,True,OK,2026T1sep
